insert into actor(first_name, last_name, gender, birth_date, city_born_in, country_born_in, bio, image, imageurl) values
  ('David', 'Tennant', 'MALE', '1971-04-18', 'Bathgate, West Lothian', 'Scotland',
  'David Tennant was born David John McDonald in West Lothian, Scotland, to Essdale Helen (McLeod) and Sandy McDonald, who was a Presbyterian minister. He is of Scottish and Ulster-Scots descent. When he was about 3 or 4 years old, he decided to become an actor, inspired by his love of the BBC show Doctor Who.',
  LOAD_FILE('/Users/jeansmits/Dropbox/IntelliJ Workspace Class/0710 MiniProject/images/david-tennant.jpg'),
  'http://ia.media-imdb.com/images/M/MV5BMTQxODM2MjUxNV5BMl5BanBnXkFtZTgwMjA4OTY0MTE@._V1_UY317_CR1,0,214,317_AL_.jpg');
insert into actor(first_name, last_name, gender, birth_date, city_born_in, country_born_in, bio, image, imageurl) values
  ('Nathan', 'Fillion', 'MALE', '1971-03-27', 'Edmonton, Alberta', 'Canada',
  'Canadian-born actor Nathan Fillion gained critical acclaim and a large cult of fans when he starred as Captain Malcolm Reynolds on the Joss Whedon TV series Firefly (2002), having previously been a regular on One Life to Live (1968) and Two Guys, a Girl and a Pizza Place (1998).',
  0x234567,
  'http://ia.media-imdb.com/images/M/MV5BMzIzNzEzNjU1NF5BMl5BanBnXkFtZTgwMjUwNjAzMDE@._V1_UX214_CR0,0,214,317_AL_.jpg' );
insert into actor(first_name, last_name, gender, birth_date, city_born_in, country_born_in, bio, imageurl) values
  ('Gina', 'Torres', 'FEMALE', '1969-04-25', 'New York City', 'New York',
  'Gina was born in New York City and is youngest of three children in a close-knit Cuban American family. Attended New York City''s High School of Music and Art She is a gifted mezzo soprano and was trained in opera and jazz and also sang in a gospel choir.',
  'http://ia.media-imdb.com/images/M/MV5BNzcwNTc5OTAxMF5BMl5BanBnXkFtZTcwODIyNTI4Nw@@._V1_UY317_CR2,0,214,317_AL_.jpg');
insert into actor(first_name, last_name, gender, birth_date, city_born_in, country_born_in, bio, imageurl) values
  ('Alan', 'Tudyk', 'MALE', '1971-03-16', ' El Paso', 'Texas',
  'Alan Tudyk was born in El Paso, Texas, and grew up in Plano, where he attended Plano Sr. High. In 1990, he went on to study drama at Lon Morris Jr. College. While there, he was awarded the Academic Excellence Award for Drama. He was also named Most Likely to Succeed and Sophomore Beau.',
  'http://ia.media-imdb.com/images/M/MV5BMjE0MzEwNDUxNV5BMl5BanBnXkFtZTcwNTE1MDAzOQ@@._V1_UY317_CR2,0,214,317_AL_.jpg');
insert into actor(first_name, last_name, gender, birth_date, city_born_in, country_born_in, bio, imageurl) values
  ('Morena', 'Baccarin', 'FEMALE', '1979-06-02', 'Rio de Janeiro', 'Brazil',
  'Morena Baccarin was born in Rio de Janeiro, Brazil, to actress Vera Setta and journalist Fernando Baccarin. Her uncle was actor Ivan Setta. Morena has Italian ancestry. She moved to New York at the age of 10, when her father was transferred there. She attended the LaGuardia High School of Music and Performing Arts and then the Juilliard School.',
  'http://ia.media-imdb.com/images/M/MV5BMTQ1ODE5OTE2Nl5BMl5BanBnXkFtZTcwMjU2ODQ1OA@@._V1_UX214_CR0,0,214,317_AL_.jpg');
insert into actor(first_name, last_name, gender, birth_date, city_born_in, country_born_in, bio, imageurl) values
  ('Adam', 'Baldwin', 'MALE', '1962-02-27', 'Winnetka', 'Illinois',
  'Adam Baldwin was born on February 27, 1962 in Winnetka, Illinois, USA. He is an actor, known for Full Metal Jacket (1987), Serenity (2005) and Independence Day (1996). He has been married to Ami Julius since 1988. They have three children.',
  'http://ia.media-imdb.com/images/M/MV5BMTY4MzUyNzE5Nl5BMl5BanBnXkFtZTYwMzAxODg1._V1_UX214_CR0,0,214,317_AL_.jpg');
insert into actor(first_name, last_name, gender, birth_date, city_born_in, country_born_in, bio, imageurl) values
  ('Jewel', 'Staite', 'FEMALE', '1982-06-02', 'White Rock, British Columbia', 'Canada',
  'Born in White Rock, BC, Canada. Spent first three years of life in Maui. Started out modeling, was recommened to act at age 6. Won best actor in "Meeting Dad", a Vancouver Film School short',
  'http://ia.media-imdb.com/images/M/MV5BMTcxNjIwNTIxOV5BMl5BanBnXkFtZTgwMjUzNzQ5NDE@._V1_UX214_CR0,0,214,317_AL_.jpg');
insert into actor(first_name, last_name, gender, birth_date, city_born_in, country_born_in, bio, imageurl) values
  ('Sean', 'Maher', 'MALE', '1975-06-16', 'Pleasantville', 'New York',
  'Sean Maher was born on April 16, 1975 in Pleasantville, New York, USA. He is an actor, known for Serenity (2005), Much Ado About Nothing (2012) and Brian''s Song (2001).',
  'http://ia.media-imdb.com/images/M/MV5BMTQ0MDg4MTgxNl5BMl5BanBnXkFtZTcwMjAzOTQxOA@@._V1_UX214_CR0,0,214,317_AL_.jpg');
insert into actor(first_name, last_name, gender, birth_date, city_born_in, country_born_in, bio, imageurl) values
  ('Summer', 'Glau', 'FEMALE', '1981-07-24', 'San Antonio', 'Texas',
  'Summer is a native of San Antonio, Texas. She''s been a ballerina most of her life. Her debut was in various commercials and a guest appearance on the WB''s Angel (1999). She has gone on to star on the TV series Firefly (2002) as well as its follow-up movie Serenity (2005) and the TV series Terminator: The Sarah Connor Chronicles (2008).',
  'http://ia.media-imdb.com/images/M/MV5BNjQ3ODY4MjQ2M15BMl5BanBnXkFtZTgwMzAzMzU5MTE@._V1_UY317_CR15,0,214,317_AL_.jpg');
insert into actor(first_name, last_name, gender, birth_date, city_born_in, country_born_in, bio, imageurl) values
  ('Leonardo', 'DiCaprio', 'MALE', '1974-11-11', ' Hollywood, Los Angeles', 'California',
  'Few actors in the world have had a career quite as diverse as Leonardo DiCaprio''s. DiCaprio has gone from relatively humble beginnings, as a supporting cast member of the sitcom Growing Pains (1985) and low budget horror movies, such as Critters 3 (1991), to a major teenage heartthrob in the 1990s, as the hunky lead actor in movies such as Romeo + Juliet (1996) and Titanic (1997), to then become a leading man in Hollywood blockbusters, made by internationally renowned directors such as Martin Scorsese and Christopher Nolan.',
  'http://ia.media-imdb.com/images/M/MV5BMjI0MTg3MzI0M15BMl5BanBnXkFtZTcwMzQyODU2Mw@@._V1_UY317_CR10,0,214,317_AL_.jpg');
insert into actor(first_name, last_name, gender, birth_date, city_born_in, country_born_in, bio, imageurl) values
  ('Carey ', 'Mulligan', 'FEMALE', '1985-05-28', 'Westminster, London', 'England',
  'Carey Mulligan is a British actress, born May 28, 1985, in Westminster, London, England, to Nano (Booth), a university lecturer, and Stephen Mulligan, a hotel manager. Her father is of Irish descent and her mother is Welsh, originally from Llandeilo.',
  'http://ia.media-imdb.com/images/M/MV5BMTYyNDE1NTQ1M15BMl5BanBnXkFtZTcwMzg4Mzc3Nw@@._V1_UY317_CR14,0,214,317_AL_.jpg');
insert into actor(first_name, last_name, gender, birth_date, city_born_in, country_born_in, bio, imageurl) values
  ('Joel', 'Edgerton', 'MALE', '1974-06-23', ' Blacktown, New South Wales', 'Australia',
  'Joel Edgerton was born on June 23, 1974 in Blacktown, New South Wales, Australia, to Marianne and Michael Edgerton, who is a solicitor and property developer. His brother is filmmaker Nash Edgerton. He went to Hills Grammar School in the Western Suburbs of Sydney, and after leaving, he attended Nepean Drama School in 1994. ',
  'http://ia.media-imdb.com/images/M/MV5BMTA0ODI1ODk4NzdeQTJeQWpwZ15BbWU3MDkwNjkzOTY@._V1._SX214_SY317_UX214_CR0,0,214,317_AL_.jpg');
insert into actor(first_name, last_name, gender, birth_date, city_born_in, country_born_in, bio, imageurl) values
  ('Jamie', 'Foxx', 'MALE', '1967-12-13', 'Terell', 'Texas',
  'A talented singer, comedian, and actor, Academy Award winner Jamie Foxx has proved to be a triple threat in the entertainment industry.',
  'http://ia.media-imdb.com/images/M/MV5BMjAyMDMwNzkxMV5BMl5BanBnXkFtZTcwNzg4Nzg4Mg@@._V1_UY317_CR6,0,214,317_AL_.jpg');
insert into actor(first_name, last_name, gender, birth_date, city_born_in, country_born_in, bio, imageurl) values
  ('Christoph', 'Waltz', 'MALE', '1956-10-04', 'Vienna', 'Austria',
  'Waltz attended the Theresianium and Billrothstrasse in Vienna. Upon graduation, he attended the Max-Reinhardt-Seminar before going to New York to the Lee Strasberg Institute. While in New York, Christoph met his first wife, and moved back to Vienna, then to London.',
  'http://ia.media-imdb.com/images/M/MV5BMTM4MDk3OTYxOF5BMl5BanBnXkFtZTcwMDk5OTUwOQ@@._V1_UY317_CR9,0,214,317_AL_.jpg');
-- insert into actor(first_name, last_name, gender, birth_date, city_born_in, country_born_in, bio, imageurl) values ('Alann', 'Tudyk', 'MALE', '1971-03-16', '', '', '', '');


insert into movie(title, genre, length, year_released, director, summary, cover_image_url, movie_trailer_url, rating) values
('Serenity', 'SCIENCEFICTION', '119', '2005', 'Joss Whedon',
'The crew of the ship Serenity tries to evade an assassin sent to recapture one of their number who is telepathic.',
'http://ia.media-imdb.com/images/M/MV5BMTI0NTY1MzY4NV5BMl5BanBnXkFtZTcwNTczODAzMQ@@._V1_SY317_CR0,0,214,317_AL_.jpg', 'https://www.youtube.com/embed/JY3u7bB7dZk',
 4);
insert into movie(title, genre, length, year_released, director, summary, cover_image_url, movie_trailer_url, rating) values
('The Great Gatsby', 'DRAMA', '143', '2013', 'Baz Lurhmann',
'A Midwestern war veteran finds himself drawn to the past and lifestyle of his millionaire neighbor.',
'http://ia.media-imdb.com/images/M/MV5BMTkxNTk1ODcxNl5BMl5BanBnXkFtZTcwMDI1OTMzOQ@@._V1_SX214_AL_.jpg', 'https://www.youtube.com/embed/sN183rJltNM',
 5);
insert into movie(title, genre, length, year_released, director, summary, cover_image_url, movie_trailer_url, rating) values
('Django Unchained', 'DRAMA', '165', '2012', 'Quentin Tarantino',
'With the help of a German bounty hunter, a freed slave sets out to rescue his wife from a brutal Mississippi plantation owner.',
'http://ia.media-imdb.com/images/M/MV5BMjIyNTQ5NjQ1OV5BMl5BanBnXkFtZTcwODg1MDU4OA@@._V1_SX214_AL_.jpg', 'https://www.youtube.com/embed/eUdM9vrCbow',
 5);
insert into movie(title, genre, length, year_released, director, summary, cover_image_url, movie_trailer_url, rating) values
('The Wolf Of Wall Street', 'COMEDY', '180', '2013', 'Martin Scorsese',
'Based on the true story of Jordan Belfort, from his rise to a wealthy stock-broker living the high life to his fall involving crime, corruption and the federal government.',
'http://ia.media-imdb.com/images/M/MV5BMjIxMjgxNTk0MF5BMl5BanBnXkFtZTgwNjIyOTg2MDE@._V1_SX214_AL_.jpg', 'https://www.youtube.com/embed/pabEtIERlic',
 5);
-- insert into movie(title, genre, length, year_released, summary, cover_image_url, movie_trailer_url) values ('', '', '', '', '', '', '');



insert into movie_character(name, actor_id) values('Captain Malcolm Reynolds', 2);
insert into movie_character(name, actor_id) values('Zoe', 3);
insert into movie_character(name, actor_id) values('Wash', 4);
insert into movie_character(name, actor_id) values('Inara', 5);
insert into movie_character(name, actor_id) values('Jayne', 6);
insert into movie_character(name, actor_id) values('Kaylee', 7);
insert into movie_character(name, actor_id) values('Simon', 8);
insert into movie_character(name, actor_id) values('River', 9);
insert into movie_character(name, actor_id) values('Jordan Belfort', 10);
insert into movie_character(name, actor_id) values('Jay Gatsby', 10);
insert into movie_character(name, actor_id) values('Daisy Buchanan', 11);
insert into movie_character(name, actor_id) values('Tom Buchanan', 12);
insert into movie_character(name, actor_id) values('Django', 13);
insert into movie_character(name, actor_id) values('Dr. King Schultz', 14);
insert into movie_character(name, actor_id) values('Calvin Candie', 10);
-- insert into movie_character(name, actor_id) values('', );

insert into movie_cast(movie_id, cast_id) values(1, 1);
insert into movie_cast(movie_id, cast_id) values(1, 2);
insert into movie_cast(movie_id, cast_id) values(1, 3);
insert into movie_cast(movie_id, cast_id) values(1, 4);
insert into movie_cast(movie_id, cast_id) values(1, 5);
insert into movie_cast(movie_id, cast_id) values(1, 6);
insert into movie_cast(movie_id, cast_id) values(1, 7);
insert into movie_cast(movie_id, cast_id) values(1, 8);
insert into movie_cast(movie_id, cast_id) values(2, 10);
insert into movie_cast(movie_id, cast_id) values(2, 11);
insert into movie_cast(movie_id, cast_id) values(2, 12);
insert into movie_cast(movie_id, cast_id) values(3, 13);
insert into movie_cast(movie_id, cast_id) values(3, 14);
insert into movie_cast(movie_id, cast_id) values(3, 15);
insert into movie_cast(movie_id, cast_id) values(4, 9);


insert into brand(id, name) values(1, 'Audi');
insert into brand(id, name) values(2, 'BMW');
insert into brand(id, name) values(3, 'Opel');

insert into model(id, name, brand_id) values(1, 'A1', 1);
insert into model(id, name, brand_id) values(2, 'A3', 1);
insert into model(id, name, brand_id) values(3, '118d', 2);
insert into model(id, name, brand_id) values(4, '320d', 2);
insert into model(id, name, brand_id) values(5, 'X5', 2);
insert into model(id, name, brand_id) values(6, 'Corsa', 3);
insert into model(id, name, brand_id) values(7, 'Astra', 3);
insert into model(id, name, brand_id) values(8, 'Vectra', 3);

insert into car(license_plate, model_id) values('1-AGI-764', 1);
insert into car(license_plate, model_id) values('ALD-124', 8);
insert into car(license_plate, model_id) values('1-LIFE', 5);